Name,CMC,Type,Color,Set,Collector Number,Rarity,Color Category,Status,Finish,Maybeboard,Image URL,Image Back URL,Tags,Notes,MTGO ID
"Boot Nipper",2,"Creature - Beast",B,"iko","76",common,b,Owned,Non-foil,false,,,"Blood, Sweat and Tears","",80161
"Gifted Aetherborn",2,"Creature - Aetherborn Vampire",B,"aer","61",uncommon,b,Owned,Non-foil,false,,,"Blood, Sweat and Tears","",62681
"Vault Skirge",2,"Artifact Creature - Phyrexian Imp",B,"nph","76",common,b,Owned,Non-foil,false,,,"Blood, Sweat and Tears","",39770
"Murderous Rider",3,"Creature - Zombie Knight",B,"eld","97",rare,b,Owned,Non-foil,false,,,"Blood, Sweat and Tears","",78308
"Phyrexian Rager",3,"Creature - Phyrexian Horror",B,"mbs","51",common,b,Owned,Non-foil,false,,,"Blood, Sweat and Tears","",39455
"Vampire Nighthawk",3,"Creature - Vampire Shaman",B,"zen","116",uncommon,b,Owned,Non-foil,false,,,"Blood, Sweat and Tears","",34530
"Spawn of Mayhem",4,"Creature - Demon",B,"rna","85",mythic,b,Owned,Non-foil,false,,,"Blood, Sweat and Tears","",71170
"Gray Merchant of Asphodel",5,"Creature - Zombie",B,"ths","89",common,b,Owned,Non-foil,false,,,"Blood, Sweat and Tears","",50562
"Phyrexian Delver",5,"Creature - Phyrexian Zombie",B,"inv","115",rare,b,Owned,Non-foil,false,,,"Blood, Sweat and Tears","",14515
"Priest of the Blood Rite",5,"Creature - Human Cleric",B,"ori","112",rare,b,Owned,Non-foil,false,,,"Blood, Sweat and Tears","",57950
"K'rrik, Son of Yawgmoth",7,"Legendary Creature - Phyrexian Horror Minion",B,"c19","18",rare,b,Owned,Non-foil,false,,,"Blood, Sweat and Tears;Commander","",77090
"Dismember",3,"Instant",B,"nph","57",uncommon,b,Owned,Non-foil,false,,,"Blood, Sweat and Tears","",39944
"Snuff Out",4,"Instant",B,"mmq","162",common,b,Owned,Non-foil,false,,,"Blood, Sweat and Tears","",13495
"Night's Whisper",2,"Sorcery",B,"ema","100",common,b,Owned,Non-foil,false,,,"Blood, Sweat and Tears","",60837
"Toxic Deluge",3,"Sorcery",B,"2xm","110",rare,b,Owned,Non-foil,false,,,"Blood, Sweat and Tears","",82254
"Profane Transfusion",9,"Sorcery",B,"cmr","145",mythic,b,Owned,Non-foil,false,,,"Blood, Sweat and Tears","",85072
"Font of Agonies",1,"Enchantment",B,"rna","74",rare,b,Owned,Non-foil,false,,,"Blood, Sweat and Tears","",71148
"Oubliette",3,"Enchantment",B,"2xm","100",uncommon,b,Owned,Non-foil,false,,,"Blood, Sweat and Tears","",82234
"Ash Barrens",0,"Land",,"c16","56",common,l,Owned,Non-foil,false,,,"Blood, Sweat and Tears","",
"Command Tower",0,"Land",,"c20","264",common,l,Owned,Non-foil,false,,,"Blood, Sweat and Tears","",
"Swamp",0,"Basic Land - Swamp",B,"jmp","59",common,l,Owned,Non-foil,false,,,"Blood, Sweat and Tears","",
"Swamp",0,"Basic Land - Swamp",B,"jmp","59",common,l,Owned,Non-foil,false,,,"Blood, Sweat and Tears","",
"Swamp",0,"Basic Land - Swamp",B,"jmp","59",common,l,Owned,Non-foil,false,,,"Blood, Sweat and Tears","",
"Swamp",0,"Basic Land - Swamp",B,"jmp","59",common,l,Owned,Non-foil,false,,,"Blood, Sweat and Tears","",
"Swamp",0,"Basic Land - Swamp",B,"jmp","59",common,l,Owned,Non-foil,false,,,"Blood, Sweat and Tears","",
"Swamp",0,"Basic Land - Swamp",B,"jmp","59",common,l,Owned,Non-foil,false,,,"Blood, Sweat and Tears","",
"Swamp",0,"Basic Land - Swamp",B,"jmp","59",common,l,Owned,Non-foil,false,,,"Blood, Sweat and Tears","",
"Swamp",0,"Basic Land - Swamp",B,"jmp","59",common,l,Owned,Non-foil,false,,,"Blood, Sweat and Tears","",
"Swamp",0,"Basic Land - Swamp",B,"jmp","59",common,l,Owned,Non-foil,false,,,"Blood, Sweat and Tears","",
"Thriving Moor",0,"Land",B,"jmp","37",common,l,Owned,Non-foil,false,,,"Blood, Sweat and Tears","",81821
"Grim Lavamancer",1,"Creature - Human Wizard",R,"pd2","1",rare,r,Owned,Non-foil,false,,,"Burn","",39285
"Harsh Mentor",2,"Creature - Human Cleric",R,"akh","135",rare,r,Owned,Non-foil,false,,,"Burn","",63872
"Thermo-Alchemist",2,"Creature - Human Shaman",R,"emn","147",common,r,Owned,Non-foil,false,,,"Burn","",61198
"Chandra's Phoenix",3,"Creature - Phoenix",R,"m14","134",rare,r,Owned,Non-foil,false,,,"Burn","",49259
"Glint-Horn Buccaneer",3,"Creature - Minotaur Pirate",R,"m20","141",rare,r,Owned,Non-foil,false,,,"Burn","",73181
"Guttersnipe",3,"Creature - Goblin Shaman",R,"cn2","162",uncommon,r,Owned,Non-foil,false,,,"Burn","",
"Gorehorn Minotaurs",4,"Creature - Minotaur Warrior",R,"m12","144",common,r,Owned,Non-foil,false,,,"Burn","",41279
"Syr Carah, the Bold",5,"Legendary Creature - Human Knight",R,"eld","145",uncommon,r,Owned,Non-foil,false,,,"Burn;Commander","",78420
"Chandra's Incinerator",6,"Creature - Elemental",R,"m21","136",rare,r,Owned,Non-foil,false,,,"Burn","",81499
"Inferno Titan",6,"Creature - Giant",R,"cm2","109",mythic,r,Owned,Non-foil,false,,,"Burn","",
"Chandra, Torch of Defiance",4,"Legendary Planeswalker - Chandra",R,"kld","110",mythic,r,Owned,Non-foil,false,,,"Burn","Missing a Mountain",61573
"Burst Lightning",1,"Instant",R,"zen","119",common,r,Owned,Non-foil,false,,,"Burn","",34408
"Lightning Bolt",1,"Instant",R,"m11","149",common,r,Owned,Non-foil,false,,,"Burn","",37240
"Abrade",2,"Instant",R,"2xm","114",common,r,Owned,Non-foil,false,,,"Burn","",82262
"Chain Lightning",1,"Sorcery",R,"ema","123",uncommon,r,Owned,Non-foil,false,,,"Burn","",60669
"Fireball",1,"Sorcery",R,"m10","136",uncommon,r,Owned,Non-foil,false,,,"Burn","",33043
"Flame Jab",1,"Sorcery",R,"eve","53",common,r,Owned,Non-foil,false,,,"Burn","",30094
"Light Up the Stage",3,"Sorcery",R,"rna","107",uncommon,r,Owned,Non-foil,false,,,"Burn","",71214
"Ash Barrens",0,"Land",,"c16","56",common,l,Owned,Non-foil,false,,,"Burn","",
"Command Tower",0,"Land",,"c20","264",common,l,Owned,Non-foil,false,,,"Burn","",
"Mountain",0,"Basic Land - Mountain",R,"ala","242",common,l,Owned,Non-foil,false,,,"Burn","",31085
"Mountain",0,"Basic Land - Mountain",R,"ala","242",common,l,Owned,Non-foil,false,,,"Burn","",31085
"Mountain",0,"Basic Land - Mountain",R,"ala","242",common,l,Owned,Non-foil,false,,,"Burn","",31085
"Mountain",0,"Basic Land - Mountain",R,"ala","242",common,l,Owned,Non-foil,false,,,"Burn","",31085
"Mountain",0,"Basic Land - Mountain",R,"ala","242",common,l,Owned,Non-foil,false,,,"Burn","",31085
"Mountain",0,"Basic Land - Mountain",R,"ala","242",common,l,Owned,Non-foil,false,,,"Burn","",31085
"Mountain",0,"Basic Land - Mountain",R,"ala","242",common,l,Owned,Non-foil,false,,,"Burn","",31085
"Mountain",0,"Basic Land - Mountain",R,"ala","242",common,l,Owned,Non-foil,false,,,"Burn","",31085
"Ramunap Ruins",0,"Land - Desert",R,"hou","181",uncommon,l,Owned,Non-foil,false,,,"Burn","",64886
"Thriving Bluff",0,"Land",R,"jmp","33",common,l,Owned,Non-foil,false,,,"Burn","",81813
"Forge Devil",1,"Creature - Devil",R,"m15","140",common,r,Owned,Non-foil,false,,,"Chaos","",53402
"Magus of the Wheel",3,"Creature - Human Wizard",R,"c20","156",rare,r,Owned,Non-foil,false,,,"Chaos","",
"Zurzoth, Chaos Rider",3,"Legendary Creature - Devil",R,"jmp","27",rare,r,Owned,Non-foil,false,,,"Chaos;Commander","",81801
"Fireflux Squad",4,"Creature - Human Soldier",R,"c20","51",rare,r,Owned,Non-foil,false,,,"Chaos","",80683
"Hellrider",4,"Creature - Devil",R,"dka","93",rare,r,Owned,Non-foil,false,,,"Chaos","",43185
"Boarding Party",6,"Creature - Human Pirate",R,"cmr","163",common,r,Owned,Non-foil,false,,,"Chaos","",85108
"Capricious Efreet",6,"Creature - Efreet",R,"m10","131",rare,r,Owned,Non-foil,false,,,"Chaos","",32747
"Combustible Gearhulk",6,"Artifact Creature - Construct",R,"c21","163",mythic,r,Owned,Non-foil,false,,,"Chaos","",89427
"Etali, Primal Storm",6,"Legendary Creature - Elder Dinosaur",R,"rix","100",rare,r,Owned,Non-foil,false,,,"Chaos","",66653
"Tibalt, Rakish Instigator",3,"Legendary Planeswalker - Tibalt",R,"plist","324",uncommon,r,Owned,Non-foil,false,,,"Chaos","",
"Lukka, Coppercoat Outcast",5,"Legendary Planeswalker - Lukka",R,"iko","125",mythic,r,Owned,Non-foil,false,,,"Chaos","",80259
"Tibalt's Trickery",2,"Instant",R,"khm","153",rare,r,Owned,Non-foil,false,,,"Chaos","",87641
"Chaos Warp",3,"Instant",R,"cmd","114",rare,r,Owned,Non-foil,false,,,"Chaos","",40636
"Chef's Kiss",3,"Instant",R,"mh2","120",rare,r,Owned,Non-foil,false,,,"Chaos","",90613
"Glimpse of Tomorrow",0,"Sorcery",R,"mh2","129",rare,r,Owned,Non-foil,false,,,"Chaos","",90635
"Wheel of Fate",0,"Sorcery",R,"tsp","187",rare,r,Owned,Non-foil,false,,,"Chaos","",25637
"Throes of Chaos",4,"Sorcery",R,"mh1","150",uncommon,r,Owned,Non-foil,false,,,"Chaos;Durdle","",72672
"Whims of the Fates",6,"Sorcery",R,"bng","115",rare,r,Owned,Non-foil,false,,,"Chaos;Durdle","",51839
"Ash Barrens",0,"Land",,"c16","56",common,l,Owned,Non-foil,false,,,"Chaos","",
"Command Tower",0,"Land",,"c20","264",common,l,Owned,Non-foil,false,,,"Chaos","",
"Mountain",0,"Basic Land - Mountain",R,"m11","245",common,l,Owned,Non-foil,false,,,"Chaos","",37264
"Mountain",0,"Basic Land - Mountain",R,"m11","245",common,l,Owned,Non-foil,false,,,"Chaos","",37264
"Mountain",0,"Basic Land - Mountain",R,"m11","245",common,l,Owned,Non-foil,false,,,"Chaos","",37264
"Mountain",0,"Basic Land - Mountain",R,"m11","245",common,l,Owned,Non-foil,false,,,"Chaos","",37264
"Mountain",0,"Basic Land - Mountain",R,"m11","245",common,l,Owned,Non-foil,false,,,"Chaos","",37264
"Mountain",0,"Basic Land - Mountain",R,"m11","245",common,l,Owned,Non-foil,false,,,"Chaos","",37264
"Mountain",0,"Basic Land - Mountain",R,"m11","245",common,l,Owned,Non-foil,false,,,"Chaos","",37264
"Mountain",0,"Basic Land - Mountain",R,"m11","245",common,l,Owned,Non-foil,false,,,"Chaos","",37264
"Mountain",0,"Basic Land - Mountain",R,"m11","245",common,l,Owned,Non-foil,false,,,"Chaos","",37264
"Thriving Bluff",0,"Land",R,"jmp","33",common,l,Owned,Non-foil,false,,,"Chaos","",81813
"Hangarback Walker",0,"Artifact Creature - Construct",,"ori","229",rare,c,Owned,Non-foil,false,,,"Constructs","",58128
"Stonecoil Serpent",0,"Artifact Creature - Snake",,"eld","235",rare,c,Owned,Non-foil,false,,,"Constructs","",78616
"Walking Ballista",0,"Artifact Creature - Construct",,"aer","181",rare,c,Owned,Non-foil,false,,,"Constructs","",62561
"Arcbound Worker",1,"Artifact Creature - Construct",,"ddf","40",common,c,Owned,Non-foil,false,,,"Constructs","",37731
"Zabaz, the Glimmerwasp",1,"Legendary Artifact Creature - Insect",,"mh2","243",rare,m,Owned,Non-foil,false,,,"Constructs","",90867
"Arcbound Ravager",2,"Artifact Creature - Beast",,"dst","100",rare,c,Owned,Non-foil,false,,,"Constructs","",20597
"Metallic Mimic",2,"Artifact Creature - Shapeshifter",,"aer","164",rare,c,Owned,Non-foil,false,,,"Constructs","",62565
"Monoskelion",2,"Artifact Creature - Construct",,"mh2","229",uncommon,c,Owned,Non-foil,false,,,"Constructs","",90839
"Steel Overseer",2,"Artifact Creature - Construct",,"ddf","44",rare,c,Owned,Non-foil,false,,,"Constructs","",37694
"Adaptive Automaton",3,"Artifact Creature - Construct",,"m12","201",rare,c,Owned,Non-foil,false,,,"Constructs","",41577
"Scrapyard Recombiner",3,"Artifact Creature - Construct",,"mh1","227",rare,c,Owned,Non-foil,false,,,"Constructs","",72826
"Myriad Construct",4,"Artifact Creature - Construct",,"znr","246",rare,c,Owned,Non-foil,false,,,"Constructs","",83487
"Myr Battlesphere",7,"Artifact Creature - Myr Construct",,"c13","247",rare,c,Owned,Non-foil,false,,,"Constructs","",51104
"Karn, Scion of Urza",4,"Legendary Planeswalker - Karn",,"dom","1",mythic,c,Owned,Non-foil,false,,,"Commander;Constructs","",67467
"Ghostfire Blade",1,"Artifact - Equipment",,"ktk","220",rare,c,Owned,Non-foil,false,,,"Constructs","",54192
"Relic of Progenitus",1,"Artifact",,"hop","124",common,c,Owned,Non-foil,false,,,"Constructs","",44426
"The Ozolith",1,"Legendary Artifact",,"iko","237",rare,c,Owned,Non-foil,false,,,"Constructs","",80483
"Ratchet Bomb",2,"Artifact",,"m14","215",rare,c,Owned,Non-foil,false,,,"Constructs","",49231
"Ash Barrens",0,"Land",,"c16","56",common,l,Owned,Non-foil,false,,,"Constructs","",
"Blinkmoth Nexus",0,"Land",,"2xm","311",rare,l,Owned,Non-foil,false,,,"Constructs","",82656
"Buried Ruin",0,"Land",,"jmp","491",uncommon,l,Owned,Non-foil,false,,,"Constructs","",
"Cave of Temptation",0,"Land",,"mh1","237",common,l,Owned,Non-foil,false,,,"Constructs","",72846
"Forge of Heroes",0,"Land",,"c18","58",common,l,Owned,Non-foil,false,,,"Constructs","",
"Foundry of the Consuls",0,"Land",,"c18","248",uncommon,l,Owned,Non-foil,false,,,"Constructs","",
"Glimmervoid",0,"Land",,"mma","223",rare,l,Owned,Non-foil,false,,,"Constructs","",48918
"Karn's Bastion",0,"Land",,"war","248",rare,l,Owned,Non-foil,false,,,"Constructs","",72102
"Power Depot",0,"Artifact Land",,"mh2","251",uncommon,l,Owned,Non-foil,false,,,"Constructs","",90883
"Ruins of Oran-Rief",0,"Land",,"ogw","176",rare,l,Owned,Non-foil,false,,,"Constructs","",59599
"Spire of Industry",0,"Land",,"aer","184",rare,l,Owned,Non-foil,false,,,"Constructs","",62909
"Tyrite Sanctum",0,"Land",,"khm","272",rare,l,Owned,Non-foil,false,,,"Constructs","",87895
"Festering Mummy",1,"Creature - Zombie",B,"akh","91",common,b,Owned,Non-foil,false,,,"Counter Control","",63784
"Fume Spitter",1,"Creature - Horror",B,"som","63",common,b,Owned,Non-foil,false,,,"Counter Control","",38449
"Nether Traitor",2,"Creature - Spirit",B,"tsr","127",rare,b,Owned,Non-foil,false,,,"Counter Control","",
"Corrosive Mentor",3,"Creature - Elemental Rogue",B,"shm","61",uncommon,b,Owned,Non-foil,false,,,"Counter Control","",29379
"Necroskitter",3,"Creature - Elemental",B,"eve","38",rare,b,Owned,Non-foil,false,,,"Counter Control;Durdle","",30046
"Needle Specter",3,"Creature - Specter",B,"eve","39",rare,b,Owned,Non-foil,false,,,"Counter Control","",30124
"Phyrexian Crusader",3,"Creature - Zombie Knight",B,"mbs","50",rare,b,Owned,Non-foil,false,,,"Counter Control","",39319
"Plague Engineer",3,"Creature - Carrier",B,"mh1","100",rare,b,Owned,Non-foil,false,,,"Counter Control","",72572
"Skinrender",4,"Creature - Zombie",B,"som","78",uncommon,b,Owned,Non-foil,false,,,"Counter Control","",38453
"Thorn of the Black Rose",4,"Creature - Human Assassin",B,"cn2","48",common,b,Owned,Non-foil,false,,,"Counter Control","",
"Yawgmoth, Thran Physician",4,"Legendary Creature - Human Cleric",B,"mh1","116",mythic,b,Owned,Non-foil,false,,,"Commander;Counter Control","",72604
"Carnifex Demon",6,"Creature - Demon",B,"som","57",rare,b,Owned,Non-foil,false,,,"Counter Control","",38165
"Midnight Banshee",6,"Creature - Spirit",B,"mm2","86",rare,b,Owned,Non-foil,false,,,"Counter Control","",57062
"Inquisition of Kozilek",1,"Sorcery",B,"roe","115",uncommon,b,Owned,Non-foil,false,,,"Counter Control","",36360
"Black Sun's Zenith",2,"Sorcery",B,"mbs","39",rare,b,Owned,Non-foil,false,,,"Counter Control","",39533
"Contagion Clasp",2,"Artifact",,"som","144",uncommon,c,Owned,Non-foil,false,,,"Counter Control","",38085
"Contagion Engine",6,"Artifact",,"som","145",rare,c,Owned,Non-foil,false,,,"Counter Control","",38351
"Blowfly Infestation",3,"Enchantment",B,"shm","58",uncommon,b,Owned,Non-foil,false,,,"Counter Control;Durdle","",29295
"Ash Barrens",0,"Land",,"c16","56",common,l,Owned,Non-foil,false,,,"Counter Control","",
"Bojuka Bog",0,"Land",B,"c20","259",common,l,Owned,Non-foil,false,,,"Counter Control","",
"Command Tower",0,"Land",,"c20","264",common,l,Owned,Non-foil,false,,,"Counter Control","",
"Swamp",0,"Basic Land - Swamp",B,"m15","260",common,l,Owned,Non-foil,false,,,"Counter Control","",53396
"Swamp",0,"Basic Land - Swamp",B,"m15","260",common,l,Owned,Non-foil,false,,,"Counter Control","",53396
"Swamp",0,"Basic Land - Swamp",B,"m15","260",common,l,Owned,Non-foil,false,,,"Counter Control","",53396
"Swamp",0,"Basic Land - Swamp",B,"m15","260",common,l,Owned,Non-foil,false,,,"Counter Control","",53396
"Swamp",0,"Basic Land - Swamp",B,"m15","260",common,l,Owned,Non-foil,false,,,"Counter Control","",53396
"Swamp",0,"Basic Land - Swamp",B,"m15","260",common,l,Owned,Non-foil,false,,,"Counter Control","",53396
"Swamp",0,"Basic Land - Swamp",B,"m15","260",common,l,Owned,Non-foil,false,,,"Counter Control","",53396
"Swamp",0,"Basic Land - Swamp",B,"m15","260",common,l,Owned,Non-foil,false,,,"Counter Control","",53396
"Thriving Moor",0,"Land",B,"jmp","37",common,l,Owned,Non-foil,false,,,"Counter Control","",81821
"Elvish Mystic",1,"Creature - Elf Druid",G,"m14","169",common,g,Owned,Non-foil,false,,,"Elves","",49499
"Essence Warden",1,"Creature - Elf Shaman",G,"cma","106",common,g,Owned,Non-foil,false,,,"Elves","",
"Llanowar Elves",1,"Creature - Elf Druid",G,"m12","182",common,g,Owned,Non-foil,false,,,"Elves","",41605
"Quirion Ranger",1,"Creature - Elf",G,"vis","117",common,g,Owned,Non-foil,false,,,"Elves","",7681
"Elvish Visionary",2,"Creature - Elf Shaman",G,"ori","175",common,g,Owned,Non-foil,false,,,"Elves","",57630
"Elvish Warmaster",2,"Creature - Elf Warrior",G,"khm","167",rare,g,Owned,Non-foil,false,,,"Elves","",87671
"Wildborn Preserver",2,"Creature - Elf Archer",G,"eld","182",rare,g,Owned,Non-foil,false,,,"Elves","",78508
"Elvish Archdruid",3,"Creature - Elf Druid",G,"m10","176",rare,g,Owned,Non-foil,false,,,"Elves","",32885
"Ezuri, Renegade Leader",3,"Legendary Creature - Elf Warrior",G,"c14","195",rare,g,Owned,Non-foil,false,,,"Elves","",54875
"Imperious Perfect",3,"Creature - Elf Warrior",G,"cma","118",uncommon,g,Owned,Non-foil,false,,,"Elves","",
"Reclamation Sage",3,"Creature - Elf Shaman",G,"c18","159",uncommon,g,Owned,Non-foil,false,,,"Elves","",
"Beast Whisperer",4,"Creature - Elf Druid",G,"c20","167",rare,g,Owned,Non-foil,false,,,"Elves","",
"Immaculate Magistrate",4,"Creature - Elf Shaman",G,"lrw","219",rare,g,Owned,Non-foil,false,,,"Elves","",28721
"Lys Alana Huntmaster",4,"Creature - Elf Warrior",G,"c14","205",common,g,Owned,Non-foil,false,,,"Elves","",54681
"Regal Force",7,"Creature - Elemental",G,"ema","181",rare,g,Owned,Non-foil,false,,,"Elves","",60595
"Freyalise, Llanowar's Fury",5,"Legendary Planeswalker - Freyalise",G,"c14","43",mythic,g,Owned,Non-foil,false,,,"Commander;Elves","",55203
"Return of the Wildspeaker",5,"Instant",G,"eld","172",rare,g,Owned,Non-foil,false,,,"Elves","",78484
"Elvish Promenade",4,"Tribal Sorcery - Elf",G,"evg","20",uncommon,g,Owned,Non-foil,false,,,"Elves","",
"Ash Barrens",0,"Land",,"c16","56",common,l,Owned,Non-foil,false,,,"Elves","",
"Command Tower",0,"Land",,"c20","264",common,l,Owned,Non-foil,false,,,"Elves","",
"Forest",0,"Basic Land - Forest",G,"frf","185",common,l,Owned,Non-foil,false,,,"Elves","",55672
"Forest",0,"Basic Land - Forest",G,"frf","185",common,l,Owned,Non-foil,false,,,"Elves","",55672
"Forest",0,"Basic Land - Forest",G,"frf","185",common,l,Owned,Non-foil,false,,,"Elves","",55672
"Forest",0,"Basic Land - Forest",G,"frf","185",common,l,Owned,Non-foil,false,,,"Elves","",55672
"Forest",0,"Basic Land - Forest",G,"frf","185",common,l,Owned,Non-foil,false,,,"Elves","",55672
"Forest",0,"Basic Land - Forest",G,"frf","185",common,l,Owned,Non-foil,false,,,"Elves","",55672
"Forest",0,"Basic Land - Forest",G,"frf","185",common,l,Owned,Non-foil,false,,,"Elves","",55672
"Forest",0,"Basic Land - Forest",G,"frf","185",common,l,Owned,Non-foil,false,,,"Elves","",55672
"Pendelhaven",0,"Legendary Land",G,"tsb","120",special,l,Owned,Non-foil,false,,,"Elves","",26015
"Thriving Grove",0,"Land",G,"jmp","34",common,l,Owned,Non-foil,false,,,"Elves","",81815
"Destiny Spinner",2,"Enchantment Creature - Human",G,"thb","168",uncommon,g,Owned,Non-foil,false,,,"Enchantress","",79460
"Leafcrown Dryad",2,"Enchantment Creature - Nymph Dryad",G,"ths","161",common,g,Owned,Non-foil,false,,,"Enchantress","",50346
"Sanctum Weaver",2,"Enchantment Creature - Dryad",G,"mh2","171",rare,g,Owned,Non-foil,false,,,"Enchantress","",90719
"Old-Growth Troll",3,"Creature - Troll Warrior",G,"khm","185",rare,g,Owned,Non-foil,false,,,"Enchantress","",87713
"Setessan Champion",3,"Creature - Human Warrior",G,"thb","198",rare,g,Owned,Non-foil,false,,,"Enchantress","",79520
"Verduran Enchantress",3,"Creature - Human Druid",G,"8ed","285",rare,g,Owned,Non-foil,false,,,"Enchantress","",19429
"Arasta of the Endless Web",4,"Legendary Enchantment Creature - Spider",G,"thb","165",rare,g,Owned,Non-foil,false,,,"Enchantress","",79454
"Eidolon of Blossoms",4,"Enchantment Creature - Spirit",G,"c18","140",rare,g,Owned,Non-foil,false,,,"Enchantress","",
"Nylea, Keen-Eyed",4,"Legendary Enchantment Creature - God",G,"thb","266",mythic,g,Owned,Non-foil,false,,,"Commander;Enchantress","",
"Thrun, the Last Troll",4,"Legendary Creature - Troll Shaman",G,"mbs","92",mythic,g,Owned,Non-foil,false,,,"Enchantress","",39517
"Bow of Nylea",3,"Legendary Enchantment Artifact",G,"ths","153",rare,g,Owned,Non-foil,false,,,"Enchantress","",50412
"Abundant Growth",1,"Enchantment - Aura",G,"avr","167",common,g,Owned,Non-foil,false,,,"Enchantress","",43905
"Spider Umbra",1,"Enchantment - Aura",G,"roe","208",common,g,Owned,Non-foil,false,,,"Enchantress","",36684
"Kenrith's Transformation",2,"Enchantment - Aura",G,"eld","164",uncommon,g,Owned,Non-foil,false,,,"Enchantress","",78466
"Lignify",2,"Tribal Enchantment - Treefolk Aura",G,"gvl","16",common,g,Owned,Non-foil,false,,,"Enchantress","",
"Ancestral Mask",3,"Enchantment - Aura",G,"mmq","229",common,g,Owned,Non-foil,false,,,"Enchantress","",13491
"Cartouche of Strength",3,"Enchantment - Aura Cartouche",G,"akh","158",common,g,Owned,Non-foil,false,,,"Enchantress","",63918
"Bear Umbra",4,"Enchantment - Aura",G,"roe","177",rare,g,Owned,Non-foil,false,,,"Enchantress","",36768
"Ash Barrens",0,"Land",,"c16","56",common,l,Owned,Non-foil,false,,,"Enchantress","",
"Command Tower",0,"Land",,"c20","264",common,l,Owned,Non-foil,false,,,"Enchantress","",
"Forest",0,"Basic Land - Forest",G,"thb","254",common,l,Owned,Non-foil,false,,,"Enchantress","",79632
"Forest",0,"Basic Land - Forest",G,"thb","254",common,l,Owned,Non-foil,false,,,"Enchantress","",79632
"Forest",0,"Basic Land - Forest",G,"thb","254",common,l,Owned,Non-foil,false,,,"Enchantress","",79632
"Forest",0,"Basic Land - Forest",G,"thb","254",common,l,Owned,Non-foil,false,,,"Enchantress","",79632
"Forest",0,"Basic Land - Forest",G,"thb","254",common,l,Owned,Non-foil,false,,,"Enchantress","",79632
"Forest",0,"Basic Land - Forest",G,"thb","254",common,l,Owned,Non-foil,false,,,"Enchantress","",79632
"Forest",0,"Basic Land - Forest",G,"thb","254",common,l,Owned,Non-foil,false,,,"Enchantress","",79632
"Forest",0,"Basic Land - Forest",G,"thb","254",common,l,Owned,Non-foil,false,,,"Enchantress","",79632
"Nykthos, Shrine to Nyx",0,"Legendary Land",,"plist","293",rare,l,Owned,Non-foil,false,,,"Enchantress","",
"Thriving Grove",0,"Land",G,"afc","268",common,l,Owned,Non-foil,false,,,"Enchantress","",
"Spectral Sailor",1,"Creature - Spirit Pirate",U,"jmp","178",uncommon,u,Owned,Non-foil,false,,,"Flash","",
"Spellstutter Sprite",2,"Creature - Faerie Wizard",U,"mma","65",common,u,Owned,Non-foil,false,,,"Flash","",48678
"Brazen Borrower",3,"Creature - Faerie Rogue",U,"eld","39",mythic,u,Owned,Non-foil,false,,,"Flash","",78180
"Nimble Obstructionist",3,"Creature - Bird Wizard",U,"hou","40",rare,u,Owned,Non-foil,false,,,"Flash","",64564
"Pestermite",3,"Creature - Faerie Rogue",U,"mma","59",common,u,Owned,Non-foil,false,,,"Flash","",48676
"Vendilion Clique",3,"Legendary Creature - Faerie Wizard",U,"mm2","67",mythic,u,Owned,Non-foil,false,,,"Commander;Flash","",57380
"Voracious Greatshark",5,"Creature - Shark",U,"iko","70",rare,u,Owned,Non-foil,false,,,"Flash","",80149
"Torrential Gearhulk",6,"Artifact Creature - Construct",U,"kld","67",mythic,u,Owned,Non-foil,false,,,"Flash","",61917
"Teferi, Master of Time",4,"Legendary Planeswalker - Teferi",U,"m21","275",mythic,u,Owned,Non-foil,false,,,"Flash","",
"Opt",1,"Instant",U,"dom","60",common,u,Owned,Non-foil,false,,,"Flash","",67585
"String of Disappearances",1,"Instant",U,"mh1","72",common,u,Owned,Non-foil,false,,,"Flash","",72516
"Counterspell",2,"Instant",U,"a25","50",common,u,Owned,Non-foil,false,,,"Flash","",67014
"Cyclonic Rift",2,"Instant",U,"c14","104",rare,u,Owned,Non-foil,false,,,"Flash","",55043
"Essence Scatter",2,"Instant",U,"ddt","6",common,u,Owned,Non-foil,false,,,"Flash","",
"Prohibit",2,"Instant",U,"mh1","64",common,u,Owned,Non-foil,false,,,"Flash","",72500
"Thassa's Intervention",2,"Instant",U,"thb","72",rare,u,Owned,Non-foil,false,,,"Flash","",79268
"Sublime Epiphany",6,"Instant",U,"m21","74",rare,u,Owned,Non-foil,false,,,"Flash","",81375
"Dig Through Time",8,"Instant",U,"uma","50",rare,u,Owned,Non-foil,false,,,"Flash","",70173
"Ash Barrens",0,"Land",,"c16","56",common,l,Owned,Non-foil,false,,,"Flash","",
"Castle Vantress",0,"Land",U,"eld","242",rare,l,Owned,Non-foil,false,,,"Flash","",78630
"Command Tower",0,"Land",,"c20","264",common,l,Owned,Non-foil,false,,,"Flash","",
"Island",0,"Basic Land - Island",U,"m15","256",common,l,Owned,Non-foil,false,,,"Flash","",53368
"Island",0,"Basic Land - Island",U,"m15","256",common,l,Owned,Non-foil,false,,,"Flash","",53368
"Island",0,"Basic Land - Island",U,"m15","256",common,l,Owned,Non-foil,false,,,"Flash","",53368
"Island",0,"Basic Land - Island",U,"m15","256",common,l,Owned,Non-foil,false,,,"Flash","",53368
"Island",0,"Basic Land - Island",U,"m15","256",common,l,Owned,Non-foil,false,,,"Flash","",53368
"Island",0,"Basic Land - Island",U,"m15","256",common,l,Owned,Non-foil,false,,,"Flash","",53368
"Island",0,"Basic Land - Island",U,"m15","256",common,l,Owned,Non-foil,false,,,"Flash","",53368
"Island",0,"Basic Land - Island",U,"m15","256",common,l,Owned,Non-foil,false,,,"Flash","",53368
"Thriving Isle",0,"Land",U,"jmp","36",common,l,Owned,Non-foil,false,,,"Flash","",81819
"Thraben Inspector",1,"Creature - Human Soldier",W,"2xm","35",common,w,Owned,Non-foil,false,,,"Flicker","",82104
"Charming Prince",2,"Creature - Human Noble",W,"eld","8",rare,w,Owned,Non-foil,false,,,"Flicker","",78104
"Kor Skyfisher",2,"Creature - Kor Soldier",W,"ddo","16",common,w,Owned,Non-foil,false,,,"Flicker","",
"Wall of Omens",2,"Creature - Wall",W,"ddk","4",uncommon,w,Owned,Non-foil,false,,,"Flicker","",48067
"Deadeye Harpooner",3,"Creature - Dwarf Warrior",W,"aer","15",uncommon,w,Owned,Non-foil,false,,,"Flicker","",62589
"Eldrazi Displacer",3,"Creature - Eldrazi",W,"ogw","13",rare,w,Owned,Non-foil,false,,,"Flicker","",59473
"Flickerwisp",3,"Creature - Elemental",W,"eve","6",uncommon,w,Owned,Non-foil,false,,,"Flicker","",29970
"Wispmare",3,"Creature - Elemental",W,"lrw","48",common,w,Owned,Non-foil,false,,,"Flicker","",28663
"Restoration Angel",4,"Creature - Angel",W,"ima","28",rare,w,Owned,Non-foil,false,,,"Flicker","",65935
"Geist-Honored Monk",5,"Creature - Human Monk",W,"isd","17",rare,w,Owned,Non-foil,false,,,"Flicker","",42558
"Reveillark",5,"Creature - Elemental",W,"mma","26",rare,w,Owned,Non-foil,false,,,"Flicker","",48750
"Linvala, the Preserver",6,"Legendary Creature - Angel",W,"ogw","25",mythic,w,Owned,Non-foil,false,,,"Commander;Flicker","",59475
"Sun Titan",6,"Creature - Giant",W,"c19","76",mythic,w,Owned,Non-foil,false,,,"Flicker","",77266
"Ephemerate",1,"Instant",W,"mh1","7",common,w,Owned,Non-foil,false,,,"Flicker","",72386
"Eerie Interlude",3,"Instant",W,"ddq","8",rare,w,Owned,Non-foil,false,,,"Flicker","",
"Winds of Abandon",2,"Sorcery",W,"mh1","37",rare,w,Owned,Non-foil,false,,,"Flicker","",72446
"Panharmonicon",4,"Artifact",,"kld","226",rare,c,Owned,Non-foil,false,,,"Flicker","",61801
"Oblivion Ring",3,"Enchantment",W,"lrw","34",common,w,Owned,Non-foil,false,,,"Flicker","",28229
"Ash Barrens",0,"Land",,"c16","56",common,l,Owned,Non-foil,false,,,"Flicker","",
"Command Tower",0,"Land",,"c20","264",common,l,Owned,Non-foil,false,,,"Flicker","",
"Plains",0,"Basic Land - Plains",W,"m15","252",common,l,Owned,Non-foil,false,,,"Flicker","",53372
"Plains",0,"Basic Land - Plains",W,"m15","252",common,l,Owned,Non-foil,false,,,"Flicker","",53372
"Plains",0,"Basic Land - Plains",W,"m15","252",common,l,Owned,Non-foil,false,,,"Flicker","",53372
"Plains",0,"Basic Land - Plains",W,"m15","252",common,l,Owned,Non-foil,false,,,"Flicker","",53372
"Plains",0,"Basic Land - Plains",W,"m15","252",common,l,Owned,Non-foil,false,,,"Flicker","",53372
"Plains",0,"Basic Land - Plains",W,"m15","252",common,l,Owned,Non-foil,false,,,"Flicker","",53372
"Radiant Fountain",0,"Land",,"m21","248",common,l,Owned,Non-foil,false,,,"Flicker","",81723
"Shefet Dunes",0,"Land - Desert",W,"hou","183",uncommon,l,Owned,Non-foil,false,,,"Flicker","",64890
"Thriving Heath",0,"Land",W,"jmp","35",common,l,Owned,Non-foil,false,,,"Flicker","",81817
"Wastes",0,"Basic Land",,"ogw","184a",common,l,Owned,Non-foil,false,,,"Flicker","",
"Kor Duelist",1,"Creature - Kor Soldier",W,"zen","19",uncommon,w,Owned,Non-foil,false,,,"Gear","",34398
"Puresteel Paladin",2,"Creature - Human Knight",W,"2xm","26",rare,w,Owned,Non-foil,false,,,"Gear","",82086
"Stoneforge Mystic",2,"Creature - Kor Artificer",W,"wwk","20",rare,w,Owned,Non-foil,false,,,"Gear","",35737
"Acclaimed Contender",3,"Creature - Human Knight",W,"eld","1",rare,w,Owned,Non-foil,false,,,"Gear","",78088
"Ardenn, Intrepid Archaeologist",3,"Legendary Creature - Kor Scout",W,"cmr","10",uncommon,w,Owned,Non-foil,false,,,"Commander;Gear","",84802
"Balan, Wandering Knight",4,"Legendary Creature - Cat Knight",W,"c17","2",rare,w,Owned,Non-foil,false,,,"Gear","",
"Daring Archaeologist",4,"Creature - Human Artificer",W,"dom","13",rare,w,Owned,Non-foil,false,,,"Gear","",67491
"Stonehewer Giant",5,"Creature - Giant Warrior",W,"2xm","32",rare,w,Owned,Non-foil,false,,,"Gear","",82098
"Heliod's Intervention",2,"Instant",W,"thb","19",rare,w,Owned,Non-foil,false,,,"Gear","",79162
"Oust",1,"Sorcery",W,"roe","40",uncommon,w,Owned,Non-foil,false,,,"Gear","",36682
"Colossus Hammer",1,"Artifact - Equipment",,"m20","223",uncommon,c,Owned,Non-foil,false,,,"Gear","",73345
"Shadowspear",1,"Legendary Artifact - Equipment",,"thb","236",rare,c,Owned,Non-foil,false,,,"Gear","",79596
"Swiftfoot Boots",2,"Artifact - Equipment",,"c18","225",uncommon,c,Owned,Non-foil,false,,,"Gear","",
"Sword of Truth and Justice",3,"Artifact - Equipment",,"mh1","229",mythic,c,Owned,Non-foil,false,,,"Gear","",72830
"Hammer of Nazahn",4,"Legendary Artifact - Equipment",,"c17","51",rare,c,Owned,Non-foil,false,,,"Gear","",
"Moonsilver Spear",4,"Artifact - Equipment",,"avr","217",rare,c,Owned,Non-foil,false,,,"Gear","",44287
"Batterskull",5,"Artifact - Equipment",,"2xm","234",mythic,c,Owned,Non-foil,false,,,"Gear","",82502
"Bonds of Faith",2,"Enchantment - Aura",W,"ddl","24",common,w,Owned,Non-foil,false,,,"Gear","",49929
"Ash Barrens",0,"Land",,"c16","56",common,l,Owned,Non-foil,false,,,"Gear","",
"Command Tower",0,"Land",,"c20","264",common,l,Owned,Non-foil,false,,,"Gear","",
"Plains",0,"Basic Land - Plains",W,"m10","233",common,l,Owned,Non-foil,false,,,"Gear","",32889
"Plains",0,"Basic Land - Plains",W,"m10","233",common,l,Owned,Non-foil,false,,,"Gear","",32889
"Plains",0,"Basic Land - Plains",W,"m10","233",common,l,Owned,Non-foil,false,,,"Gear","",32889
"Plains",0,"Basic Land - Plains",W,"m10","233",common,l,Owned,Non-foil,false,,,"Gear","",32889
"Plains",0,"Basic Land - Plains",W,"m10","233",common,l,Owned,Non-foil,false,,,"Gear","",32889
"Plains",0,"Basic Land - Plains",W,"m10","233",common,l,Owned,Non-foil,false,,,"Gear","",32889
"Plains",0,"Basic Land - Plains",W,"m10","233",common,l,Owned,Non-foil,false,,,"Gear","",32889
"Plains",0,"Basic Land - Plains",W,"m10","233",common,l,Owned,Non-foil,false,,,"Gear","",32889
"Sejiri Steppe",0,"Land",W,"wwk","142",common,l,Owned,Non-foil,false,,,"Gear","",35519
"Thriving Heath",0,"Land",W,"jmp","35",common,l,Owned,Non-foil,false,,,"Gear","",81817
"Goblin Arsonist",1,"Creature - Goblin Shaman",R,"m13","134",common,r,Owned,Non-foil,false,,,"Goblins","",45368
"Goblin Bushwhacker",1,"Creature - Goblin Warrior",R,"sld","17",rare,r,Owned,Non-foil,false,,,"Goblins","",
"Mogg Raider",1,"Creature - Goblin",R,"tmp","191",common,r,Owned,Non-foil,false,,,"Goblins","",9575
"Skirk Prospector",1,"Creature - Goblin",R,"dom","144",common,r,Owned,Non-foil,false,,,"Goblins","",67753
"Goblin Cratermaker",2,"Creature - Goblin Warrior",R,"grn","103",uncommon,r,Owned,Non-foil,false,,,"Goblins","",69579
"Goblin Instigator",2,"Creature - Goblin Rogue",R,"m19","142",common,r,Owned,Non-foil,false,,,"Goblins","",68445
"Mogg War Marshal",2,"Creature - Goblin Warrior",R,"tsp","170",common,r,Owned,Non-foil,false,,,"Goblins","",25757
"Gempalm Incinerator",3,"Creature - Goblin",R,"ddt","39",uncommon,r,Owned,Non-foil,false,,,"Goblins","",
"Goblin Matron",3,"Creature - Goblin",R,"mh1","129",uncommon,r,Owned,Non-foil,false,,,"Goblins","",72630
"Goblin Rabblemaster",3,"Creature - Goblin Warrior",R,"ddt","46",rare,r,Owned,Non-foil,false,,,"Goblins","",
"Legion Warboss",3,"Creature - Goblin Soldier",R,"grn","109",rare,r,Owned,Non-foil,false,,,"Goblins","",69591
"Pashalik Mons",3,"Legendary Creature - Goblin Warrior",R,"mh1","138",rare,r,Owned,Non-foil,false,,,"Commander;Goblins","",72648
"Reckless Bushwhacker",3,"Creature - Goblin Warrior Ally",R,"ogw","116",uncommon,r,Owned,Non-foil,false,,,"Goblins","",59273
"Krenko, Mob Boss",4,"Legendary Creature - Goblin Warrior",R,"ddn","15",rare,r,Owned,Non-foil,false,,,"Goblins","",
"Siege-Gang Commander",5,"Creature - Goblin",R,"ema","147",rare,r,Owned,Non-foil,false,,,"Goblins","",60593
"Empty the Warrens",4,"Sorcery",R,"dds","15",common,r,Owned,Non-foil,false,,,"Goblins","",
"Goblin Bombardment",2,"Enchantment",R,"ddn","24",uncommon,r,Owned,Non-foil,false,,,"Goblins","",
"Impact Tremors",2,"Enchantment",R,"dtk","140",common,r,Owned,Non-foil,false,,,"Goblins","",56250
"Ash Barrens",0,"Land",,"c16","56",common,l,Owned,Non-foil,false,,,"Goblins","",
"Castle Embereth",0,"Land",R,"eld","239",rare,l,Owned,Non-foil,false,,,"Goblins","",78624
"Command Tower",0,"Land",,"c20","264",common,l,Owned,Non-foil,false,,,"Goblins","",
"Mountain",0,"Basic Land - Mountain",R,"m11","244",common,l,Owned,Non-foil,false,,,"Goblins","",37262
"Mountain",0,"Basic Land - Mountain",R,"m11","244",common,l,Owned,Non-foil,false,,,"Goblins","",37262
"Mountain",0,"Basic Land - Mountain",R,"m11","244",common,l,Owned,Non-foil,false,,,"Goblins","",37262
"Mountain",0,"Basic Land - Mountain",R,"m11","244",common,l,Owned,Non-foil,false,,,"Goblins","",37262
"Mountain",0,"Basic Land - Mountain",R,"m11","244",common,l,Owned,Non-foil,false,,,"Goblins","",37262
"Mountain",0,"Basic Land - Mountain",R,"m11","244",common,l,Owned,Non-foil,false,,,"Goblins","",37262
"Mountain",0,"Basic Land - Mountain",R,"m11","244",common,l,Owned,Non-foil,false,,,"Goblins","",37262
"Mountain",0,"Basic Land - Mountain",R,"m11","244",common,l,Owned,Non-foil,false,,,"Goblins","",37262
"Thriving Bluff",0,"Land",R,"jmp","33",common,l,Owned,Non-foil,false,,,"Goblins","",81813
"Elvish Reclaimer",1,"Creature - Elf Warrior",G,"m20","169",rare,g,Owned,Non-foil,false,,,"Lands","",73237
"Scute Mob",1,"Creature - Insect",G,"c18","161",rare,g,Owned,Non-foil,false,,,"Lands","",
"Joiner Adept",2,"Creature - Elf Druid",G,"10e","271",rare,g,Owned,Non-foil,false,,,"Lands","",27170
"Voyaging Satyr",2,"Creature - Satyr Druid",G,"ths","182",common,g,Owned,Non-foil,false,,,"Lands","",50178
"Azusa, Lost but Seeking",3,"Legendary Creature - Human Monk",G,"m21","173",rare,g,Owned,Non-foil,false,,,"Lands","",81573
"Courser of Kruphix",3,"Enchantment Creature - Centaur",G,"bng","119",rare,g,Owned,Non-foil,false,,,"Lands","",51851
"Ramunap Excavator",3,"Creature - Naga Cleric",G,"hou","129",rare,g,Owned,Non-foil,false,,,"Lands","",64742
"Waker of the Wilds",4,"Creature - Merfolk Shaman",G,"xln","215",rare,g,Owned,Non-foil,false,,,"Lands","",65450
"Cavalier of Thorns",5,"Creature - Elemental Knight",G,"m20","167",mythic,g,Owned,Non-foil,false,,,"Lands","",73233
"Titania, Protector of Argoth",5,"Legendary Creature - Elemental",G,"mh2","287",mythic,g,Owned,Non-foil,false,,,"Commander;Lands","",90997
"Nissa, Worldwaker",5,"Legendary Planeswalker - Nissa",G,"m15","187",mythic,g,Owned,Non-foil,false,,,"Lands","",53568
"Crop Rotation",1,"Instant",G,"ulg","98",common,g,Owned,Non-foil,false,,,"Lands","",12547
"Kamahl's Will",4,"Instant",G,"cmr","238",rare,g,Owned,Non-foil,false,,,"Lands","",85258
"Awakening of Vitu-Ghazi",5,"Instant",G,"war","152",rare,g,Owned,Non-foil,false,,,"Lands","",71910
"Life from the Loam",2,"Sorcery",G,"sld","8",rare,g,Owned,Non-foil,false,,,"Lands","",
"Nissa's Triumph",2,"Sorcery",G,"war","170",uncommon,g,Owned,Non-foil,false,,,"Lands","",71946
"Retreat to Kazandu",3,"Enchantment",G,"bfz","186",uncommon,g,Owned,Non-foil,false,,,"Lands","",58695
"Ash Barrens",0,"Land",,"c16","56",common,l,Owned,Non-foil,false,,,"Lands","",
"Command Tower",0,"Land",,"c20","264",common,l,Owned,Non-foil,false,,,"Lands","",
"Crawling Barrens",0,"Land",,"znr","262",rare,l,Owned,Non-foil,false,,,"Lands","",83527
"Fabled Passage",0,"Land",,"eld","244",rare,l,Owned,Non-foil,false,,,"Lands","",78634
"Forest",0,"Basic Land - Forest",G,"m15","266",common,l,Owned,Non-foil,false,,,"Lands","",53478
"Forest",0,"Basic Land - Forest",G,"m15","266",common,l,Owned,Non-foil,false,,,"Lands","",53478
"Forest",0,"Basic Land - Forest",G,"m15","266",common,l,Owned,Non-foil,false,,,"Lands","",53478
"Forest",0,"Basic Land - Forest",G,"m15","266",common,l,Owned,Non-foil,false,,,"Lands","",53478
"Forest",0,"Basic Land - Forest",G,"m15","266",common,l,Owned,Non-foil,false,,,"Lands","",53478
"Forest",0,"Basic Land - Forest",G,"m15","266",common,l,Owned,Non-foil,false,,,"Lands","",53478
"Maze of Ith",0,"Land",,"2xm","322",rare,l,Owned,Non-foil,false,,,"Lands","",82678
"Thriving Grove",0,"Land",G,"jmp","34",common,l,Owned,Non-foil,false,,,"Lands","",81815
"Tranquil Thicket",0,"Land",G,"cmd","292",common,l,Owned,Non-foil,false,,,"Lands","",40683
"Dauntless Bodyguard",1,"Creature - Human Knight",W,"dom","14",uncommon,w,Owned,Non-foil,false,,,"Legion","",67493
"Deftblade Elite",1,"Creature - Human Soldier",W,"lgn","12",common,w,Owned,Non-foil,false,,,"Legion","",18617
"Mother of Runes",1,"Creature - Human Cleric",W,"ddo","20",uncommon,w,Owned,Non-foil,false,,,"Legion","",
"Student of Warfare",1,"Creature - Human Knight",W,"roe","47",rare,w,Owned,Non-foil,false,,,"Legion","",36586
"Adanto Vanguard",2,"Creature - Vampire Soldier",W,"xln","1",uncommon,w,Owned,Non-foil,false,,,"Legion","",65012
"Anafenza, Kin-Tree Spirit",2,"Legendary Creature - Spirit Soldier",W,"dtk","2",rare,w,Owned,Non-foil,false,,,"Legion","Move to Flicker",55978
"Glory-Bound Initiate",2,"Creature - Human Warrior",W,"akh","16",rare,w,Owned,Non-foil,false,,,"Legion","",63634
"Knight of Glory",2,"Creature - Human Knight",W,"m13","21",uncommon,w,Owned,Non-foil,false,,,"Legion","",45538
"Luminarch Aspirant",2,"Creature - Human Cleric",W,"znr","24",rare,w,Owned,Non-foil,false,,,"Legion","",82987
"Porcelain Legionnaire",3,"Artifact Creature - Soldier",W,"nph","19",common,w,Owned,Non-foil,false,,,"Legion","",39834
"Ranger-Captain of Eos",3,"Creature - Human Soldier",W,"mh1","21",mythic,w,Owned,Non-foil,false,,,"Legion","",72414
"Silverblade Paladin",3,"Creature - Human Knight",W,"avr","36",rare,w,Owned,Non-foil,false,,,"Legion","",44279
"Odric, Lunarch Marshal",4,"Legendary Creature - Human Soldier",W,"soi","31",rare,w,Owned,Non-foil,false,,,"Commander;Legion","",59944
"Sublime Archangel",4,"Creature - Angel",W,"uma","38",rare,w,Owned,Non-foil,false,,,"Legion","",70149
"Baneslayer Angel",5,"Creature - Angel",W,"m21","6",mythic,w,Owned,Non-foil,false,,,"Legion","",81239
"Elspeth, Knight-Errant",4,"Legendary Planeswalker - Elspeth",W,"mma","13",mythic,w,Owned,Non-foil,false,,,"Legion","",48798
"Brave the Elements",1,"Instant",W,"m14","10",uncommon,w,Owned,Non-foil,false,,,"Legion","",49189
"Path to Exile",1,"Instant",W,"md1","3",uncommon,w,Owned,Non-foil,false,,,"Legion","",
"Ash Barrens",0,"Land",,"c16","56",common,l,Owned,Non-foil,false,,,"Legion","",
"Castle Ardenvale",0,"Land",W,"eld","238",rare,l,Owned,Non-foil,false,,,"Legion","",78622
"Command Tower",0,"Land",,"c20","264",common,l,Owned,Non-foil,false,,,"Legion","",
"Plains",0,"Basic Land - Plains",W,"dom","250",common,l,Owned,Non-foil,false,,,"Legion","",67965
"Plains",0,"Basic Land - Plains",W,"dom","250",common,l,Owned,Non-foil,false,,,"Legion","",67965
"Plains",0,"Basic Land - Plains",W,"dom","250",common,l,Owned,Non-foil,false,,,"Legion","",67965
"Plains",0,"Basic Land - Plains",W,"dom","250",common,l,Owned,Non-foil,false,,,"Legion","",67965
"Plains",0,"Basic Land - Plains",W,"dom","250",common,l,Owned,Non-foil,false,,,"Legion","",67965
"Plains",0,"Basic Land - Plains",W,"dom","250",common,l,Owned,Non-foil,false,,,"Legion","",67965
"Plains",0,"Basic Land - Plains",W,"dom","250",common,l,Owned,Non-foil,false,,,"Legion","",67965
"Plains",0,"Basic Land - Plains",W,"dom","250",common,l,Owned,Non-foil,false,,,"Legion","",67965
"Thriving Heath",0,"Land",W,"jmp","35",common,l,Owned,Non-foil,false,,,"Legion","",81817
"Serra Ascendant",1,"Creature - Human Monk",W,"ima","31",rare,w,Owned,Non-foil,false,,,"Life Gain","",65941
"Soul Warden",1,"Creature - Human Cleric",W,"9ed","46",uncommon,w,Owned,Non-foil,false,,,"Life Gain","",22373
"Soul's Attendant",1,"Creature - Human Cleric",W,"roe","44",common,w,Owned,Non-foil,false,,,"Life Gain","",36462
"Speaker of the Heavens",1,"Creature - Human Cleric",W,"m21","38",rare,w,Owned,Non-foil,false,,,"Life Gain","",81303
"Ajani's Pridemate",2,"Creature - Cat Soldier",W,"c13","3",uncommon,w,Owned,Non-foil,false,,,"Life Gain","",51090
"Bishop of Wings",2,"Creature - Human Cleric",W,"m20","8",rare,w,Owned,Non-foil,false,,,"Life Gain","",72915
"Daxos, Blessed by the Sun",2,"Legendary Enchantment Creature - Demigod",W,"thb","9",uncommon,w,Owned,Non-foil,false,,,"Commander;Life Gain","",79142
"Lone Rider",2,"Creature - Human Knight",W,"emn","33",uncommon,w,Owned,Non-foil,false,,,"Life Gain","",61086
"Resplendent Angel",3,"Creature - Angel",W,"m19","34",mythic,w,Owned,Non-foil,false,,,"Life Gain","",68229
"Righteous Valkyrie",3,"Creature - Angel Cleric",W,"khm","24",rare,w,Owned,Non-foil,false,,,"Life Gain","",87371
"Archangel of Thune",5,"Creature - Angel",W,"2xm","5",mythic,w,Owned,Non-foil,false,,,"Life Gain","",82044
"Crested Sunmare",5,"Creature - Horse",W,"plist","303",mythic,w,Owned,Non-foil,false,,,"Life Gain","",
"Valkyrie Harbinger",6,"Creature - Angel Cleric",W,"khm","374",rare,w,Owned,Non-foil,false,,,"Life Gain","",87271
"Ajani, Strength of the Pride",4,"Legendary Planeswalker - Ajani",W,"m20","2",mythic,w,Owned,Non-foil,false,,,"Life Gain","",72903
"Swords to Plowshares",1,"Instant",W,"a25","35",uncommon,w,Owned,Non-foil,false,,,"Life Gain","",66984
"Prismatic Strands",3,"Instant",W,"jud","18",common,w,Owned,Non-foil,false,,,"Life Gain","",17390
"Faith's Fetters",4,"Enchantment - Aura",W,"cmr","20",uncommon,w,Owned,Non-foil,false,,,"Life Gain","",84822
"Angelic Chorus",5,"Enchantment",W,"usg","3",rare,w,Owned,Non-foil,false,,,"Life Gain","",11855
"Ash Barrens",0,"Land",,"c16","56",common,l,Owned,Non-foil,false,,,"Life Gain","",
"Command Tower",0,"Land",,"c20","264",common,l,Owned,Non-foil,false,,,"Life Gain","",
"Kabira Crossroads",0,"Land",W,"ddf","33",common,l,Owned,Non-foil,false,,,"Life Gain","",37691
"Plains",0,"Basic Land - Plains",W,"m10","230",common,l,Owned,Non-foil,false,,,"Life Gain","",33009
"Plains",0,"Basic Land - Plains",W,"m10","230",common,l,Owned,Non-foil,false,,,"Life Gain","",33009
"Plains",0,"Basic Land - Plains",W,"m10","230",common,l,Owned,Non-foil,false,,,"Life Gain","",33009
"Plains",0,"Basic Land - Plains",W,"m10","230",common,l,Owned,Non-foil,false,,,"Life Gain","",33009
"Plains",0,"Basic Land - Plains",W,"m10","230",common,l,Owned,Non-foil,false,,,"Life Gain","",33009
"Plains",0,"Basic Land - Plains",W,"m10","230",common,l,Owned,Non-foil,false,,,"Life Gain","",33009
"Plains",0,"Basic Land - Plains",W,"m10","230",common,l,Owned,Non-foil,false,,,"Life Gain","",33009
"Plains",0,"Basic Land - Plains",W,"cma","292",common,l,Owned,Non-foil,false,,,"Life Gain","",
"Thriving Heath",0,"Land",W,"afc","269",common,l,Owned,Non-foil,false,,,"Life Gain","",
"Scion of Draco",12,"Artifact Creature - Dragon",,"mh2","234",mythic,c,Owned,Non-foil,false,,,"Rainbow","",90849
"Time Wipe",5,"Sorcery",WU,"war","223",rare,m,Owned,Non-foil,false,,,"Rainbow","",72052
"Baleful Strix",2,"Artifact Creature - Bird",UB,"e01","80",uncommon,m,Owned,Non-foil,false,,,"Rainbow","",
"The Scarab God",5,"Legendary Creature - God",UB,"hou","145",mythic,m,Owned,Non-foil,false,,,"Rainbow","Reanimator",64774
"Dreadbore",2,"Sorcery",BR,"rtr","157",rare,m,Owned,Non-foil,false,,,"Rainbow","",46443
"Kolaghan's Command",3,"Instant",BR,"dtk","224",rare,m,Owned,Non-foil,false,,,"Rainbow","",56082
"Bloodbraid Elf",4,"Creature - Elf Berserker",RG,"arb","50",uncommon,m,Owned,Non-foil,false,,,"Rainbow","",32430
"Ravager Wurm",6,"Creature - Wurm",RG,"rna","200",mythic,m,Owned,Non-foil,false,,,"Rainbow","",71400
"Knight of the Reliquary",3,"Creature - Human Knight",WG,"mma","178",rare,m,Owned,Non-foil,false,,,"Rainbow","",48832
"Seraph of the Scales",4,"Creature - Angel",WB,"rna","205",mythic,m,Owned,Non-foil,false,,,"Rainbow","",71410
"Fire // Ice",4,"Instant",UR,"cmd","198",uncommon,m,Owned,Non-foil,false,,,"Rainbow","Spellslinger",40780
"Deathrite Shaman",1,"Creature - Elf Shaman",BG,"rtr","213",rare,m,Owned,Non-foil,false,,,"Rainbow","Elves",46777
"Abrupt Decay",2,"Instant",BG,"rtr","141",rare,m,Owned,Non-foil,false,,,"Rainbow","",46497
"Lightning Helix",2,"Instant",WR,"rav","213",uncommon,m,Owned,Non-foil,false,,,"Rainbow","Burn",23154
"Aurelia, Exemplar of Justice",4,"Legendary Creature - Angel",WR,"grn","153",mythic,m,Owned,Non-foil,false,,,"Rainbow","Legion",69679
"Uro, Titan of Nature's Wrath",3,"Legendary Creature - Elder Giant",UG,"thb","229",mythic,m,Owned,Non-foil,false,,,"Rainbow","Big Mana",79582
"Bring to Light",5,"Sorcery",UG,"bfz","209",rare,m,Owned,Non-foil,false,,,"Rainbow","",58573
"Niv-Mizzet Reborn",5,"Legendary Creature - Dragon Avatar",WUBRG,"war","208",mythic,m,Owned,Non-foil,false,,,"Commander;Rainbow","",72022
"Bloodstained Mire",0,"Land",,"ktk","230",rare,l,Owned,Non-foil,false,,,"Rainbow","",54198
"City of Brass",0,"Land",,"8ed","322",rare,l,Owned,Non-foil,false,,,"Rainbow","",19301
"Command Tower",0,"Land",,"c20","264",common,l,Owned,Non-foil,false,,,"Rainbow","",
"Flooded Strand",0,"Land",,"ktk","233",rare,l,Owned,Non-foil,false,,,"Rainbow","",54194
"Indatha Triome",0,"Land - Plains Swamp Forest",,"iko","248",rare,l,Owned,Non-foil,false,,,"Rainbow","",80505
"Ketria Triome",0,"Land - Forest Island Mountain",,"iko","250",rare,l,Owned,Non-foil,false,,,"Rainbow","",80509
"Polluted Delta",0,"Land",,"ktk","239",rare,l,Owned,Non-foil,false,,,"Rainbow","",54196
"Raugrin Triome",0,"Land - Island Mountain Plains",,"iko","251",rare,l,Owned,Non-foil,false,,,"Rainbow","",80511
"Savai Triome",0,"Land - Mountain Plains Swamp",,"iko","253",rare,l,Owned,Non-foil,false,,,"Rainbow","",80515
"Windswept Heath",0,"Land",,"ktk","248",rare,l,Owned,Non-foil,false,,,"Rainbow","",54202
"Wooded Foothills",0,"Land",,"ktk","249",rare,l,Owned,Non-foil,false,,,"Rainbow","",54200
"Zagoth Triome",0,"Land - Swamp Forest Island",,"iko","259",rare,l,Owned,Non-foil,false,,,"Rainbow","",80527
"Stitcher's Supplier",1,"Creature - Zombie",B,"m19","121",uncommon,b,Owned,Non-foil,false,,,"Reanimator","",68403
"Golgari Thug",2,"Creature - Human Warrior",B,"uma","98",uncommon,b,Owned,Non-foil,false,,,"Reanimator","",70269
"Nullpriest of Oblivion",2,"Creature - Vampire Cleric",B,"znr","118",rare,b,Owned,Non-foil,false,,,"Reanimator","",83203
"Egon, God of Death",3,"Legendary Creature - God",B,"khm","92",rare,b,Owned,Non-foil,false,,,"Commander;Reanimator","",87511
"Hunted Nightmare",3,"Creature - Nightmare",B,"iko","92",rare,b,Owned,Non-foil,false,,,"Reanimator","",80193
"Rankle, Master of Pranks",4,"Legendary Creature - Faerie Rogue",B,"eld","101",mythic,b,Owned,Non-foil,false,,,"Reanimator","Move to Sacrifice",78320
"Doom Whisperer",5,"Creature - Nightmare Demon",B,"grn","69",mythic,b,Owned,Non-foil,false,,,"Reanimator","",69511
"Burning-Rune Demon",6,"Creature - Demon Berserker",B,"khm","81",mythic,b,Owned,Non-foil,false,,,"Reanimator","",87489
"Grave Titan",6,"Creature - Giant",B,"mb1","676",mythic,b,Owned,Non-foil,false,,,"Reanimator","",
"Massacre Wurm",6,"Creature - Wurm",B,"m21","316",mythic,b,Owned,Non-foil,false,,,"Reanimator","",
"Cast Down",2,"Instant",B,"dom","81",uncommon,b,Owned,Non-foil,false,,,"Reanimator","",67627
"Reanimate",1,"Sorcery",B,"uma","110",rare,b,Owned,Non-foil,false,,,"Reanimator","",70017
"Unearth",1,"Sorcery",B,"mh1","113",common,b,Owned,Non-foil,false,,,"Reanimator","",72598
"Collective Brutality",2,"Sorcery",B,"emn","85",rare,b,Owned,Non-foil,false,,,"Reanimator","",61144
"Ransack the Lab",2,"Sorcery",B,"mh1","103",common,b,Owned,Non-foil,false,,,"Reanimator","",72578
"Stitch Together",2,"Sorcery",B,"cmd","102",uncommon,b,Owned,Non-foil,false,,,"Reanimator","",40667
"Buried Alive",3,"Sorcery",B,"cm2","59",uncommon,b,Owned,Non-foil,false,,,"Reanimator","",
"Animate Dead",2,"Enchantment - Aura",B,"2ed","93",uncommon,b,Owned,Non-foil,false,,,"Reanimator","",
"Ash Barrens",0,"Land",,"c16","56",common,l,Owned,Non-foil,false,,,"Reanimator","",
"Castle Locthwain",0,"Land",B,"eld","241",rare,l,Owned,Non-foil,false,,,"Reanimator","",78628
"Command Tower",0,"Land",,"c20","264",common,l,Owned,Non-foil,false,,,"Reanimator","",
"Swamp",0,"Basic Land - Swamp",B,"soi","289",common,l,Owned,Non-foil,false,,,"Reanimator","",60076
"Swamp",0,"Basic Land - Swamp",B,"soi","289",common,l,Owned,Non-foil,false,,,"Reanimator","",60076
"Swamp",0,"Basic Land - Swamp",B,"soi","289",common,l,Owned,Non-foil,false,,,"Reanimator","",60076
"Swamp",0,"Basic Land - Swamp",B,"soi","289",common,l,Owned,Non-foil,false,,,"Reanimator","",60076
"Swamp",0,"Basic Land - Swamp",B,"soi","289",common,l,Owned,Non-foil,false,,,"Reanimator","",60076
"Swamp",0,"Basic Land - Swamp",B,"soi","289",common,l,Owned,Non-foil,false,,,"Reanimator","",60076
"Swamp",0,"Basic Land - Swamp",B,"soi","289",common,l,Owned,Non-foil,false,,,"Reanimator","",60076
"Swamp",0,"Basic Land - Swamp",B,"soi","289",common,l,Owned,Non-foil,false,,,"Reanimator","",60076
"Thriving Moor",0,"Land",B,"jmp","37",common,l,Owned,Non-foil,false,,,"Reanimator","",81821
"Mortician Beetle",1,"Creature - Insect",B,"mm3","78",common,b,Owned,Non-foil,false,,,"Sacrifice","",63229
"Dusk Legion Zealot",2,"Creature - Vampire Soldier",B,"rix","70",common,b,Owned,Non-foil,false,,,"Sacrifice","",66593
"Fleshbag Marauder",3,"Creature - Zombie Warrior",B,"gnt","29",uncommon,b,Owned,Non-foil,false,,,"Sacrifice","",
"Midnight Reaper",3,"Creature - Zombie Knight",B,"grn","77",rare,b,Owned,Non-foil,false,,,"Sacrifice","",69527
"Yahenni, Undying Partisan",3,"Legendary Creature - Aetherborn Vampire",B,"aer","74",rare,b,Owned,Non-foil,false,,,"Sacrifice","",62701
"Erebos, Bleak-Hearted",4,"Legendary Enchantment Creature - God",B,"thb","93",mythic,b,Owned,Non-foil,false,,,"Commander;Sacrifice","",79310
"Nightmare Shepherd",4,"Enchantment Creature - Demon",B,"thb","108",rare,b,Owned,Non-foil,false,,,"Sacrifice","",79340
"Ghoulcaller Gisa",5,"Legendary Creature - Human Wizard",B,"jmp","236",mythic,b,Owned,Non-foil,false,,,"Durdle;Sacrifice","",
"God-Eternal Bontu",5,"Legendary Creature - Zombie God",B,"war","92",mythic,b,Owned,Non-foil,false,,,"Sacrifice","",71790
"Shriekmaw",5,"Creature - Elemental",B,"c20","136",uncommon,b,Owned,Non-foil,false,,,"Sacrifice","",
"Kokusho, the Evening Star",6,"Legendary Creature - Dragon Spirit",B,"ima","95",rare,b,Owned,Non-foil,false,,,"Sacrifice","",66069
"Fatal Push",1,"Instant",B,"aer","57",uncommon,b,Owned,Non-foil,false,,,"Sacrifice","",62689
"Supernatural Stamina",1,"Instant",B,"akh","111",common,b,Owned,Non-foil,false,,,"Sacrifice","",63824
"Tragic Slip",1,"Instant",B,"dka","76",common,b,Owned,Non-foil,false,,,"Sacrifice","",43189
"Village Rites",1,"Instant",B,"m21","126",common,b,Owned,Non-foil,false,,,"Sacrifice","",81479
"Living Death",5,"Sorcery",B,"cmd","88",rare,b,Owned,Non-foil,false,,,"Sacrifice","",40480
"Skullclamp",1,"Artifact - Equipment",,"c14","268",uncommon,c,Owned,Non-foil,false,,,"Sacrifice","",55225
"Grave Pact",4,"Enchantment",B,"cmd","85",rare,b,Owned,Non-foil,false,,,"Sacrifice","",40715
"Ash Barrens",0,"Land",,"c16","56",common,l,Owned,Non-foil,false,,,"Sacrifice","",
"Command Tower",0,"Land",,"c20","264",common,l,Owned,Non-foil,false,,,"Sacrifice","",
"Phyrexian Tower",0,"Legendary Land",B,"jmp","493",rare,l,Owned,Non-foil,false,,,"Sacrifice","",
"Swamp",0,"Basic Land - Swamp",B,"m14","241",common,l,Owned,Non-foil,false,,,"Sacrifice","",49237
"Swamp",0,"Basic Land - Swamp",B,"m14","241",common,l,Owned,Non-foil,false,,,"Sacrifice","",49237
"Swamp",0,"Basic Land - Swamp",B,"m14","241",common,l,Owned,Non-foil,false,,,"Sacrifice","",49237
"Swamp",0,"Basic Land - Swamp",B,"m14","241",common,l,Owned,Non-foil,false,,,"Sacrifice","",49237
"Swamp",0,"Basic Land - Swamp",B,"m14","241",common,l,Owned,Non-foil,false,,,"Sacrifice","",49237
"Swamp",0,"Basic Land - Swamp",B,"m14","241",common,l,Owned,Non-foil,false,,,"Sacrifice","",49237
"Swamp",0,"Basic Land - Swamp",B,"m14","241",common,l,Owned,Non-foil,false,,,"Sacrifice","",49237
"Swamp",0,"Basic Land - Swamp",B,"m14","241",common,l,Owned,Non-foil,false,,,"Sacrifice","",49237
"Thriving Moor",0,"Land",B,"jmp","37",common,l,Owned,Non-foil,false,,,"Sacrifice","",81821
"Goblin Welder",1,"Creature - Goblin Artificer",R,"cm2","101",rare,r,Owned,Non-foil,false,,,"Scrapheap","",
"Goblin Engineer",2,"Creature - Goblin Artificer",R,"mh1","128",rare,r,Owned,Non-foil,false,,,"Scrapheap","",72628
"Myr Retriever",2,"Artifact Creature - Myr",,"cm2","203",uncommon,c,Owned,Non-foil,false,,,"Scrapheap","",
"Perilous Myr",2,"Artifact Creature - Myr",,"a25","227",uncommon,c,Owned,Non-foil,false,,,"Scrapheap","",67368
"Breya's Apprentice",3,"Artifact Creature - Human Artificer",R,"mh2","117",rare,r,Owned,Non-foil,false,,,"Scrapheap","",90607
"Scrap Trawler",3,"Artifact Creature - Construct",,"aer","175",rare,c,Owned,Non-foil,false,,,"Scrapheap","",62899
"Pia and Kiran Nalaar",4,"Legendary Creature - Human Artificer",R,"ori","157",rare,r,Owned,Non-foil,false,,,"Commander;Scrapheap","",57990
"Moltensteel Dragon",6,"Artifact Creature - Dragon",R,"nph","88",rare,r,Owned,Non-foil,false,,,"Scrapheap","",39966
"Ruin Grinder",6,"Artifact Creature - Construct",R,"c21","57",rare,r,Owned,Non-foil,false,,,"Scrapheap","",89857
"Steel Hellkite",6,"Artifact Creature - Dragon",,"c18","224",rare,c,Owned,Non-foil,false,,,"Scrapheap","",
"Wurmcoil Engine",6,"Artifact Creature - Wurm",,"som","223",mythic,c,Owned,Non-foil,false,,,"Scrapheap","",38185
"Daretti, Scrap Savant",4,"Legendary Planeswalker - Daretti",R,"c16","123",mythic,r,Owned,Non-foil,false,,,"Scrapheap","",
"Shrapnel Blast",2,"Instant",R,"mma","129",uncommon,r,Owned,Non-foil,false,,,"Scrapheap","",48790
"Mishra's Bauble",0,"Artifact",,"2xm","274",uncommon,c,Owned,Non-foil,false,,,"Scrapheap","",82582
"Chromatic Star",1,"Artifact",,"2xm","239",common,c,Owned,Non-foil,false,,,"Scrapheap","",82512
"Terrarion",1,"Artifact",,"emn","201",common,c,Owned,Non-foil,false,,,"Scrapheap","",61496
"Ichor Wellspring",2,"Artifact",,"cm2","193",common,c,Owned,Non-foil,false,,,"Scrapheap","",
"Smuggler's Copter",2,"Artifact - Vehicle",,"kld","235",rare,c,Owned,Non-foil,false,,,"Scrapheap","",61797
"Ash Barrens",0,"Land",,"c16","56",common,l,Owned,Non-foil,false,,,"Scrapheap","",
"Command Tower",0,"Land",,"c20","264",common,l,Owned,Non-foil,false,,,"Scrapheap","",
"Great Furnace",0,"Artifact Land",R,"hop","133",common,l,Owned,Non-foil,false,,,"Scrapheap","",44688
"Inventors' Fair",0,"Legendary Land",,"kld","247",rare,l,Owned,Non-foil,false,,,"Scrapheap","",61857
"Mountain",0,"Basic Land - Mountain",R,"som","244",common,l,Owned,Non-foil,false,,,"Scrapheap","",38391
"Mountain",0,"Basic Land - Mountain",R,"som","244",common,l,Owned,Non-foil,false,,,"Scrapheap","",38391
"Mountain",0,"Basic Land - Mountain",R,"som","244",common,l,Owned,Non-foil,false,,,"Scrapheap","",38391
"Mountain",0,"Basic Land - Mountain",R,"som","244",common,l,Owned,Non-foil,false,,,"Scrapheap","",38391
"Mountain",0,"Basic Land - Mountain",R,"som","244",common,l,Owned,Non-foil,false,,,"Scrapheap","",38391
"Mountain",0,"Basic Land - Mountain",R,"som","244",common,l,Owned,Non-foil,false,,,"Scrapheap","",38391
"Mountain",0,"Basic Land - Mountain",R,"som","244",common,l,Owned,Non-foil,false,,,"Scrapheap","",38391
"Thriving Bluff",0,"Land",R,"jmp","33",common,l,Owned,Non-foil,false,,,"Scrapheap","",81813
"Faerie Seer",1,"Creature - Faerie Wizard",U,"mh1","51",common,u,Owned,Non-foil,false,,,"Sneakers","",72474
"Merfolk Windrobber",1,"Creature - Merfolk Rogue",U,"znr","70",uncommon,u,Not Owned,Non-foil,false,,,"Sneakers","",83093
"Wingcrafter",1,"Creature - Human Wizard",U,"avr","83",common,u,Not Owned,Non-foil,false,,,"Sneakers","",43849
"Looter il-Kor",2,"Creature - Kor Rogue",U,"tsp","66",common,u,Owned,Non-foil,false,,,"Sneakers","",25851
"Tetsuko Umezawa, Fugitive",2,"Legendary Creature - Human Rogue",U,"dom","69",uncommon,u,Owned,Non-foil,false,,,"Commander;Sneakers","",67603
"Wharf Infiltrator",2,"Creature - Human Horror",U,"emn","80",rare,u,Not Owned,Non-foil,false,,,"Sneakers","",61332
"Mist-Syndicate Naga",3,"Creature - Naga Ninja",U,"mh1","58",rare,u,Owned,Non-foil,false,,,"Sneakers","",72488
"Mistblade Shinobi",3,"Creature - Human Ninja",U,"pc2","20",common,u,Owned,Non-foil,false,,,"Sneakers","",45126
"Latchkey Faerie",4,"Creature - Faerie Rogue",U,"plist","63",common,u,Owned,Non-foil,false,,,"Sneakers","",
"Moonblade Shinobi",4,"Creature - Human Ninja",U,"mh1","59",common,u,Owned,Non-foil,false,,,"Sneakers","",72490
"Ninja of the Deep Hours",4,"Creature - Human Ninja",U,"c15","99",common,u,Owned,Non-foil,false,,,"Sneakers","",
"Shadow Rift",1,"Instant",U,"tmp","86",common,u,Owned,Non-foil,false,,,"Sneakers","",9637
"Vapor Snag",1,"Instant",U,"mm2","66",common,u,Owned,Non-foil,false,,,"Sneakers","",57322
"Cryptic Command",4,"Instant",U,"ima","48",rare,u,Not Owned,Non-foil,false,,,"Sneakers","",65975
"Arm with Aether",3,"Sorcery",U,"nph","28",uncommon,u,Not Owned,Non-foil,false,,,"Sneakers","",39696
"Notorious Throng",4,"Tribal Sorcery - Rogue",U,"mor","45",rare,u,Not Owned,Non-foil,false,,,"Sneakers","",29014
"Umezawa's Jitte",2,"Legendary Artifact - Equipment",,"bok","163",rare,c,Owned,Non-foil,false,,,"Sneakers","",21603
"Curiosity",1,"Enchantment - Aura",U,"isd","49",uncommon,u,Owned,Non-foil,false,,,"Sneakers","",42538
"Ash Barrens",0,"Land",,"c16","56",common,l,Owned,Non-foil,false,,,"Sneakers","",
"Command Tower",0,"Land",,"c20","264",common,l,Owned,Non-foil,false,,,"Sneakers","",
"Island",0,"Basic Land - Island",U,"m15","254",common,l,Owned,Non-foil,false,,,"Sneakers","",53366
"Island",0,"Basic Land - Island",U,"m15","254",common,l,Owned,Non-foil,false,,,"Sneakers","",53366
"Island",0,"Basic Land - Island",U,"m15","254",common,l,Owned,Non-foil,false,,,"Sneakers","",53366
"Island",0,"Basic Land - Island",U,"m15","254",common,l,Owned,Non-foil,false,,,"Sneakers","",53366
"Island",0,"Basic Land - Island",U,"m15","254",common,l,Owned,Non-foil,false,,,"Sneakers","",53366
"Island",0,"Basic Land - Island",U,"m15","254",common,l,Owned,Non-foil,false,,,"Sneakers","",53366
"Island",0,"Basic Land - Island",U,"m15","254",common,l,Owned,Non-foil,false,,,"Sneakers","",53366
"Island",0,"Basic Land - Island",U,"m15","254",common,l,Owned,Non-foil,false,,,"Sneakers","",53366
"Rogue's Passage",0,"Land",,"cmr","489",uncommon,l,Owned,Non-foil,false,,,"Sneakers","",85788
"Thriving Isle",0,"Land",U,"jmp","36",common,l,Owned,Non-foil,false,,,"Sneakers","",81819
"Baral, Chief of Compliance",2,"Legendary Creature - Human Wizard",U,"aer","28",rare,u,Owned,Non-foil,false,,,"Commander;Spellslinger","",62653
"Snapcaster Mage",2,"Creature - Human Wizard",U,"isd","78",rare,u,Owned,Non-foil,false,,,"Spellslinger","",42512
"Spellseeker",3,"Creature - Human Wizard",U,"bbd","41",rare,u,Owned,Non-foil,false,,,"Spellslinger","",68810
"Niblis of Frost",4,"Creature - Spirit",U,"emn","72",rare,u,Owned,Non-foil,false,,,"Spellslinger","",61336
"Talrand, Sky Summoner",4,"Legendary Creature - Merfolk Wizard",U,"jmp","181",rare,u,Owned,Non-foil,false,,,"Spellslinger","",
"Docent of Perfection",5,"Creature - Insect Horror",U,"emn","56",rare,u,Owned,Non-foil,false,,,"Durdle;Spellslinger","",61132
"Stormwing Entity",5,"Creature - Elemental",U,"m21","73",rare,u,Owned,Non-foil,false,,,"Spellslinger","",81373
"Into the Roil",2,"Instant",U,"c17","86",common,u,Owned,Non-foil,false,,,"Spellslinger","",
"Mana Leak",2,"Instant",U,"ima","66",common,u,Owned,Non-foil,false,,,"Spellslinger","",66011
"Radical Idea",2,"Instant",U,"grn","52",common,u,Owned,Non-foil,false,,,"Spellslinger","",69477
"Reality Shift",2,"Instant",U,"c19","92",uncommon,u,Owned,Non-foil,false,,,"Spellslinger","",77298
"Remand",2,"Instant",U,"ddm","26",uncommon,u,Owned,Non-foil,false,,,"Spellslinger","",52505
"Think Twice",2,"Instant",U,"tsp","86",common,u,Owned,Non-foil,false,,,"Spellslinger","",25419
"Exclude",3,"Instant",U,"mh1","48",uncommon,u,Owned,Non-foil,false,,,"Spellslinger","",72468
"Gitaxian Probe",1,"Sorcery",U,"nph","35",common,u,Owned,Non-foil,false,,,"Spellslinger","",39976
"Ponder",1,"Sorcery",U,"m10","68",common,u,Owned,Non-foil,false,,,"Spellslinger","",32923
"Preordain",1,"Sorcery",U,"m11","70",common,u,Owned,Non-foil,false,,,"Spellslinger","",37388
"Serum Visions",1,"Sorcery",U,"mm3","49",uncommon,u,Owned,Non-foil,false,,,"Spellslinger","",63505
"Ash Barrens",0,"Land",,"c16","56",common,l,Owned,Non-foil,false,,,"Spellslinger","",
"Command Tower",0,"Land",,"c20","264",common,l,Owned,Non-foil,false,,,"Spellslinger","",
"Island",0,"Basic Land - Island",U,"dom","254",common,l,Owned,Non-foil,false,,,"Spellslinger","",67973
"Island",0,"Basic Land - Island",U,"dom","254",common,l,Owned,Non-foil,false,,,"Spellslinger","",67973
"Island",0,"Basic Land - Island",U,"dom","254",common,l,Owned,Non-foil,false,,,"Spellslinger","",67973
"Island",0,"Basic Land - Island",U,"dom","254",common,l,Owned,Non-foil,false,,,"Spellslinger","",67973
"Island",0,"Basic Land - Island",U,"dom","254",common,l,Owned,Non-foil,false,,,"Spellslinger","",67973
"Island",0,"Basic Land - Island",U,"dom","254",common,l,Owned,Non-foil,false,,,"Spellslinger","",67973
"Island",0,"Basic Land - Island",U,"dom","254",common,l,Owned,Non-foil,false,,,"Spellslinger","",67973
"Island",0,"Basic Land - Island",U,"dom","254",common,l,Owned,Non-foil,false,,,"Spellslinger","",67973
"Mystic Sanctuary",0,"Land - Island",U,"eld","247",common,l,Owned,Non-foil,false,,,"Spellslinger","",78640
"Thriving Isle",0,"Land",U,"jmp","36",common,l,Owned,Non-foil,false,,,"Spellslinger","",81819
"Experiment One",1,"Creature - Human Ooze",G,"gtc","119",uncommon,g,Owned,Non-foil,false,,,"Stompy","",47547
"Hexdrinker",1,"Creature - Snake",G,"mh1","168",mythic,g,Owned,Non-foil,false,,,"Stompy","",72708
"Pelt Collector",1,"Creature - Elf Warrior",G,"grn","141",rare,g,Owned,Non-foil,false,,,"Stompy","",69655
"Kraul Harpooner",2,"Creature - Insect Warrior",G,"grn","136",uncommon,g,Owned,Non-foil,false,,,"Stompy","",69645
"Lambholt Pacifist",2,"Creature - Human Shaman Werewolf",G,"soi","215",uncommon,g,Owned,Non-foil,false,,,"Stompy","",60112
"Nessian Hornbeetle",2,"Creature - Insect",G,"thb","182",uncommon,g,Owned,Non-foil,false,,,"Stompy","",79488
"Scavenging Ooze",2,"Creature - Ooze",G,"m14","195",rare,g,Owned,Non-foil,false,,,"Stompy","",49271
"Strangleroot Geist",2,"Creature - Spirit",G,"dka","127",uncommon,g,Owned,Non-foil,false,,,"Stompy","rough mana cost",43153
"Boon Satyr",3,"Enchantment Creature - Satyr",G,"c18","132",rare,g,Owned,Non-foil,false,,,"Stompy","",
"Garruk's Harbinger",3,"Creature - Beast",G,"m21","185",rare,g,Owned,Non-foil,false,,,"Stompy","",81597
"Lovestruck Beast",3,"Creature - Beast Noble",G,"eld","299",rare,g,Owned,Non-foil,false,,,"Stompy","",
"Prowling Serpopard",3,"Creature - Cat Snake",G,"akh","180",rare,g,Owned,Non-foil,false,,,"Stompy","",63962
"Rhonas the Indomitable",3,"Legendary Creature - God",G,"akh","182",mythic,g,Owned,Non-foil,false,,,"Stompy","",63966
"Goreclaw, Terror of Qal Sisma",4,"Legendary Creature - Bear",G,"m19","186",rare,g,Owned,Non-foil,false,,,"Commander;Stompy","",68533
"Ghalta, Primal Hunger",12,"Legendary Creature - Elder Dinosaur",G,"rix","130",rare,g,Owned,Non-foil,false,,,"Stompy","",66713
"Mutagenic Growth",1,"Instant",G,"mm2","149",uncommon,g,Owned,Non-foil,false,,,"Stompy","",57334
"Vines of Vastwood",1,"Instant",G,"mm2","168",common,g,Owned,Non-foil,false,,,"Stompy","",57150
"Savage Swipe",1,"Sorcery",G,"mh1","178",common,g,Owned,Non-foil,false,,,"Stompy","",72728
"Ash Barrens",0,"Land",,"c16","56",common,l,Owned,Non-foil,false,,,"Stompy","",
"Command Tower",0,"Land",,"c20","264",common,l,Owned,Non-foil,false,,,"Stompy","",
"Forest",0,"Basic Land - Forest",G,"m14","248",common,l,Owned,Non-foil,false,,,"Stompy","",49303
"Forest",0,"Basic Land - Forest",G,"m14","248",common,l,Owned,Non-foil,false,,,"Stompy","",49303
"Forest",0,"Basic Land - Forest",G,"m14","248",common,l,Owned,Non-foil,false,,,"Stompy","",49303
"Forest",0,"Basic Land - Forest",G,"m14","248",common,l,Owned,Non-foil,false,,,"Stompy","",49303
"Forest",0,"Basic Land - Forest",G,"m14","248",common,l,Owned,Non-foil,false,,,"Stompy","",49303
"Forest",0,"Basic Land - Forest",G,"m14","248",common,l,Owned,Non-foil,false,,,"Stompy","",49303
"Forest",0,"Basic Land - Forest",G,"m14","248",common,l,Owned,Non-foil,false,,,"Stompy","",49303
"Forest",0,"Basic Land - Forest",G,"m14","248",common,l,Owned,Non-foil,false,,,"Stompy","",49303
"Forest",0,"Basic Land - Forest",G,"m14","248",common,l,Owned,Non-foil,false,,,"Stompy","",49303
"Thriving Grove",0,"Land",G,"jmp","34",common,l,Owned,Non-foil,false,,,"Stompy","",81815
"Gingerbrute",1,"Artifact Creature - Food Golem",,"jmp","466",common,c,Owned,Non-foil,false,,,"Trinkets","",
"Vantress Gargoyle",2,"Artifact Creature - Gargoyle",U,"eld","71",rare,u,Owned,Non-foil,false,,,"Trinkets","",78254
"Emry, Lurker of the Loch",3,"Legendary Creature - Merfolk Wizard",U,"eld","43",rare,u,Owned,Non-foil,false,,,"Commander;Trinkets","",78190
"Sai, Master Thopterist",3,"Legendary Creature - Human Artificer",U,"m19","69",rare,u,Owned,Non-foil,false,,,"Trinkets","",68299
"Trinket Mage",3,"Creature - Human Wizard",U,"tsr","320",special,u,Owned,Non-foil,false,,,"Trinkets","",
"Phyrexian Metamorph",4,"Artifact Creature - Shapeshifter",U,"nph","42",rare,u,Owned,Non-foil,false,,,"Trinkets","",39734
"Urza, Lord High Artificer",4,"Legendary Creature - Human Artificer",U,"mh1","75",mythic,u,Owned,Non-foil,false,,,"Trinkets","",72522
"Chimeric Mass",0,"Artifact",,"mm2","204",rare,c,Owned,Non-foil,false,,,"Trinkets","",57270
"Lotus Petal",0,"Artifact",,"tmp","294",common,c,Owned,Non-foil,false,,,"Trinkets","",9475
"Urza's Bauble",0,"Artifact",,"ice","343",uncommon,c,Owned,Non-foil,false,,,"Trinkets","",
"Aether Spellbomb",1,"Artifact",,"mma","196",common,u,Owned,Non-foil,false,,,"Trinkets","",48916
"Arcum's Astrolabe",1,"Snow Artifact",,"plist","244",common,c,Owned,Non-foil,false,,,"Trinkets","",
"Bloodforged Battle-Axe",1,"Artifact - Equipment",,"c17","50",rare,c,Owned,Non-foil,false,,,"Trinkets","",
"Brittle Effigy",1,"Artifact",,"m11","202",rare,c,Owned,Non-foil,false,,,"Trinkets","",37358
"Chromatic Star",1,"Artifact",,"2xm","239",common,c,Owned,Non-foil,false,,,"Trinkets","",82512
"Relic of Progenitus",1,"Artifact",,"hop","124",common,c,Owned,Non-foil,false,,,"Trinkets","",44426
"Ensoul Artifact",2,"Enchantment - Aura",U,"m15","54",uncommon,u,Owned,Non-foil,false,,,"Trinkets","",53602
"The Antiquities War",4,"Enchantment - Saga",U,"dom","42",rare,u,Owned,Non-foil,false,,,"Trinkets","",67549
"Ash Barrens",0,"Land",,"c16","56",common,l,Owned,Non-foil,false,,,"Trinkets","",
"Command Tower",0,"Land",,"c20","264",common,l,Owned,Non-foil,false,,,"Trinkets","",
"Darksteel Citadel",0,"Artifact Land",,"c21","285",uncommon,l,Owned,Non-foil,false,,,"Trinkets","",89675
"Snow-Covered Island",0,"Basic Snow Land - Island",U,"mh1","251",common,l,Owned,Non-foil,false,,,"Trinkets","",72874
"Snow-Covered Island",0,"Basic Snow Land - Island",U,"mh1","251",common,l,Owned,Non-foil,false,,,"Trinkets","",72874
"Snow-Covered Island",0,"Basic Snow Land - Island",U,"mh1","251",common,l,Owned,Non-foil,false,,,"Trinkets","",72874
"Snow-Covered Island",0,"Basic Snow Land - Island",U,"mh1","251",common,l,Owned,Non-foil,false,,,"Trinkets","",72874
"Snow-Covered Island",0,"Basic Snow Land - Island",U,"mh1","251",common,l,Owned,Non-foil,false,,,"Trinkets","",72874
"Snow-Covered Island",0,"Basic Snow Land - Island",U,"mh1","251",common,l,Owned,Non-foil,false,,,"Trinkets","",72874
"Snow-Covered Island",0,"Basic Snow Land - Island",U,"mh1","251",common,l,Owned,Non-foil,false,,,"Trinkets","",72874
"Snow-Covered Island",0,"Basic Snow Land - Island",U,"mh1","251",common,l,Owned,Non-foil,false,,,"Trinkets","",72874
"Thriving Isle",0,"Land",U,"jmp","36",common,l,Owned,Non-foil,false,,,"Trinkets","",81819
